provider_id,provider_name,address,phone
Provider_0001,Anvi Ahuja,"92/352
Barad Circle
Aizawl 352338",3032558687
Provider_0002,Hrishita Raj,"640, Gera Ganj
Sikar-985198",5670644243
Provider_0003,Divit Bajaj,"88/19, Raju Zila
Visakhapatnam 897054",3755660125
Provider_0004,Riya Hegde,"H.No. 009, Mall Street
Sagar 235317",7070598533
Provider_0005,Aniruddh Warrior,"27/20, Chanda Path
Mirzapur-211177",1676392610
Provider_0006,Ayesha Venkataraman,"H.No. 814, Raj Path, Gopalpur 190971",1804914948
Provider_0007,Onkar Sidhu,"55, Date Path
Tiruppur 177759",4257264593
Provider_0008,Gokul Ramaswamy,"26
Apte Zila, Jaipur 924510",8795025066
Provider_0009,Kaira Bala,"054, Bhavsar Path, Dhule 691527",2584729960
Provider_00010,Jayan Bath,"H.No. 651
Gaba Ganj
Haridwar 810371",9346927966
Provider_00011,Hrishita Tara,"443, Gade Nagar
Kollam-328151",1145122117
Provider_00012,Prerak Devi,"H.No. 438, Lala Path, Tirunelveli 570112",8846006310
Provider_00013,Kartik Varkey,"H.No. 848, Amble Nagar
Bhiwandi-268399",4743576458
Provider_00014,Advika Garde,"16/77, Desai Ganj, Mathura-951826",5388209271
Provider_00015,Pari Chada,"05/669, Date Circle
Tirunelveli 256402",4076580050
Provider_00016,Devansh Dani,"H.No. 193, Venkataraman Road
Silchar-259183",5776650763
Provider_00017,Pranay Dalal,"69/12, De Marg, Kirari Suleman Nagar-326686",4509996647
Provider_00018,Madhav Sridhar,"37, Rau Marg
Bhagalpur-792121",842753123
Provider_00019,Ryan Chaudhuri,"945
Raj Nagar
Bikaner 560205",4528188358
Provider_00020,Nakul Korpal,"H.No. 15, Varkey
Hubliâ€“Dharwad 710788",2792417030
Provider_00021,Baiju Kota,"30/246
Bose Marg, Ballia 157337",8693491555
Provider_00022,Yashvi Singhal,"05/37
Sathe Nagar, Loni-488331",9237441903
Provider_00023,Mehul Choudhary,"H.No. 28
Varghese Street, Gopalpur 539872",4372220162
Provider_00024,Yasmin Mangat,"54/05, Bhargava Marg, Pune 184201",2093543806
Provider_00025,Indranil Samra,"379
Kadakia Path, Thane-009209",6210170333
Provider_00026,Hiran Rege,"147, Babu Marg
Vasai-Virar-061338",2396119969
Provider_00027,Arnav Walia,"H.No. 56, Sahni Marg
Morena-395416",5109205361
Provider_00028,Navya Sane,"53/40, Borra Marg, Mehsana-125772",8163730509
Provider_00029,Reyansh Sani,"53/48
Karpe Path, Panihati-601017",4427496858
Provider_00030,Saanvi Gopal,"297, Cheema Chowk, Surendranagar Dudhrej 205275",5380597514
Provider_00031,Ehsaan Lad,"31/60, Contractor Chowk, Bareilly-088187",790218101
Provider_00032,Darshit Chander,"H.No. 504, Sami Circle
Khammam 189294",5309961570
Provider_00033,Rasha Sabharwal,"10, Kalita Chowk
Thiruvananthapuram-560454",641220379
Provider_00034,Purab Datta,"368, Kibe Chowk
Pimpri-Chinchwad 200079",5908403146
Provider_00035,Hunar Rao,"93
Sawhney Street
Gandhinagar 595171",7575203008
Provider_00036,Bhavin Varma,"73, Bawa
Gopalpur 927586",1207506293
Provider_00037,Lagan Sankaran,"510, Gaba Zila
Danapur-796795",9083235752
Provider_00038,Samaira Chopra,"87
Bandi
Tadepalligudem 633695",8832788093
Provider_00039,Nitara Brar,"313, Som Marg
Jalandhar 164581",2904210776
Provider_00040,Shamik Apte,"H.No. 72, Boase Circle
Amritsar 471255",2058238918
Provider_00041,Eva Char,"66/09
Kari Nagar, Jodhpur 873983",1551768095
Provider_00042,Ehsaan Talwar,"07, Sami Marg, Chittoor-471587",8924648914
Provider_00043,Hiran Bali,"769, Tata Street, Tezpur 041033",9832158031
Provider_00044,Aaina Dutta,"72/29, Mane Street
Amritsar-726856",8158682228
Provider_00045,Aniruddh Gola,"89, Kalla Path, Sagar 255947",6670902487
Provider_00046,Zaina Sarna,"56/06, Srivastava Ganj
Thoothukudi-398071",1613806892
Provider_00047,Neysa Raman,"H.No. 57
Venkatesh Nagar, Saharsa 689674",2321856371
Provider_00048,Onkar Desai,"29/873, Gupta Road, Silchar-587740",7013357894
Provider_00049,Rania Amble,"H.No. 781, Deo Street, Rajkot-148511",9371346449
Provider_00050,Zain Sant,"H.No. 517, Sur Marg, Shahjahanpur-207282",5473623587
Provider_00051,Kiara Bala,"82
Banik Street, Bidar 863011",1090654057
Provider_00052,Farhan Ramachandran,"41/65
Comar Circle
Ulhasnagar 522992",8227050317
Provider_00053,Ishita Deshmukh,"92/15
Bava Ganj
Kakinada-946269",7753424376
Provider_00054,Aarna Iyengar,"68, Barman Nagar, Jamshedpur-054672",5838964543
Provider_00055,Biju Gandhi,"42/40
Chaudhari Zila
Ambattur-327226",1021320761
Provider_00056,Pari Joshi,"H.No. 101
Badami Zila, Burhanpur-890853",7164573425
Provider_00057,Renee Kannan,"H.No. 81
Seshadri Circle, Naihati-665731",1356859361
Provider_00058,Uthkarsh Cherian,"60, Saxena Ganj, Orai 134799",1599723442
Provider_00059,Arhaan Boase,"15/31, Wali Nagar, Erode-461864",1808884202
Provider_00060,Anya Dada,"305
Vohra Marg
Bhiwani-847714",3366090332
Provider_00061,Neelofar Kanda,"718, Wadhwa Circle, Thanjavur-152271",7806554761
Provider_00062,Aayush Kaur,"60/391, Ratta Nagar, Ulhasnagar-407849",4869982366
Provider_00063,Aaina Keer,"787
Chaudhry Chowk, Muzaffarpur 362243",3814061579
Provider_00064,Trisha Dhawan,"46, Suri Path, Morbi 378322",6802443723
Provider_00065,Kavya Dayal,"60/697, Rana Ganj, North Dumdum 178128",5544871187
Provider_00066,Vidur Deshpande,"57/94, Shah Chowk
Tumkur-263571",3971300406
Provider_00067,Ritvik Lad,"H.No. 66
Roy Nagar, Amroha-781802",3325885060
Provider_00068,Hiran Trivedi,"95
Gupta Road
Gorakhpur 813495",6607946123
Provider_00069,Emir Guha,"31/82, Sarin Zila, Nashik-937448",5141295590
Provider_00070,Mamooty Banik,"72/793
Mallick Path
Fatehpur-926177",5892977134
Provider_00071,Emir Bir,"H.No. 653
Dash Marg
Visakhapatnam-464113",7837017335
Provider_00072,Adah Barad,"494
Raval Chowk
Raurkela Industrial Township-105768",796809446
Provider_00073,Divij Lalla,"798, Borra Zila, Ballia 094848",4341319060
Provider_00074,Tanya Dugal,"05/681, Devi Street, Nanded 261755",148746587
Provider_00075,Keya Gokhale,"H.No. 370, Cherian Circle
Navi Mumbai-872104",1717068039
Provider_00076,Khushi Bhat,"821
Dube Chowk
Aizawl-001691",8107878830
Provider_00077,Drishya Mahajan,"H.No. 919
Koshy Circle, Tinsukia 287907",498004789
Provider_00078,Shanaya Keer,"12, Kurian Chowk
Sasaram-235011",9741272594
Provider_00079,Indranil Mani,"H.No. 62, Babu Road
Patna-966237",3488703937
Provider_00080,Madhup Dave,"H.No. 96, Gera Circle, Srinagar 801249",7105533027
Provider_00081,Vaibhav Majumdar,"21
Sachdeva Zila, Bangalore 386262",8324063310
Provider_00082,Saanvi Chaudhary,"720
Din Nagar
Bhiwandi 693237",6597643259
Provider_00083,Emir Date,"188
Jhaveri Street, Fatehpur 652381",4985321734
Provider_00084,Ishaan Thakur,"H.No. 96
Johal Zila, Dehri-668126",5571839996
Provider_00085,Yuvaan Balakrishnan,"18/635, Virk Path, Solapur-601475",4667546791
Provider_00086,Tarini Chadha,"H.No. 43
Ganguly Zila
Shahjahanpur-062989",3744973181
Provider_00087,Kavya Kaur,"H.No. 043
Divan Chowk, Khandwa-449130",5431578889
Provider_00088,Vihaan Kala,"H.No. 202, Varghese Chowk
Thane 804390",1993217951
Provider_00089,Yuvaan Lad,"H.No. 009, Butala Path, Ambattur 322383",4117466798
Provider_00090,Nirvi Vyas,"10/346, Deshpande Marg, Bhimavaram-779611",3865491617
Provider_00091,Samiha Bhakta,"H.No. 47
Srivastava Ganj, Raipur-159447",2785408324
Provider_00092,Eva Gara,"H.No. 70, Thaker Circle
Bihar Sharif-442764",3527425517
Provider_00093,Rohan Goyal,"H.No. 113
Chacko Marg
Shimla-694499",1982526384
Provider_00094,Aradhya Rajan,"H.No. 508
Sekhon
Ambattur-637322",9768616768
Provider_00095,Indranil Dugar,"H.No. 488, Sethi Chowk, Mathura 646569",4683490318
Provider_00096,Renee Taneja,"H.No. 694, Halder Nagar, Jaunpur-318540",4535372328
Provider_00097,Aaryahi Gaba,"141, Sarin Nagar
Tenali-167624",9193497049
Provider_00098,Indranil Raman,"H.No. 691
Gara Ganj
North Dumdum 717893",4667502174
Provider_00099,Ojas Dixit,"H.No. 515
Sharaf Circle
Bhavnagar-014297",9354768504
Provider_000100,Riya Kata,"871
Edwin Chowk
Amroha-921381",9774543708
Provider_000101,Samiha Manda,"31/11, Ratta Zila
Durg 201704",6277381938
Provider_000102,Advik Khalsa,"H.No. 923, Sen Marg
Kanpur-769143",6634375803
Provider_000103,Sahil Dhingra,"H.No. 075
Mani Road
Danapur-958008",9543044755
Provider_000104,Bhamini Dutta,"46/15
Balakrishnan Ganj
Pali 913852",8236740562
Provider_000105,Trisha Chada,"H.No. 995, Jha Path, Arrah-311159",8441222524
Provider_000106,Sumer Vaidya,"962
Buch Street
Ramagundam-127841",4274814039
Provider_000107,Samarth Gade,"H.No. 126, Sandhu Path
Kavali 972636",158150732
Provider_000108,Suhana Vala,"H.No. 08, Chaudhry Ganj
Shimoga-919871",202643080
Provider_000109,Tarini Kothari,"97/380
Karpe Marg
Vijayawada-931753",4802125781
Provider_000110,Fateh Dyal,"16/050
Andra Zila
Tirupati-998393",1476847106
Provider_000111,Zara Baral,"H.No. 43, Bahl Path, Phusro-138437",3520654474
Provider_000112,Raghav Shetty,"H.No. 748, Sekhon Zila, Naihati-252063",9723598871
Provider_000113,Saanvi Bhasin,"825, Kapadia Street, Thrissur 661388",7332055675
Provider_000114,Himmat Raman,"50/480, Jhaveri Nagar
Bellary-958940",2522646447
Provider_000115,Renee Ratta,"59/046, Venkatesh Street, Haldia-946242",455844566
Provider_000116,Rasha Talwar,"H.No. 931, Manda Road, Ongole 556778",8524711441
Provider_000117,Advik Amble,"H.No. 667
Rege Street
Machilipatnam-899659",6995110901
Provider_000118,Renee Sampath,"25, Basak Road, Varanasi 165989",1528324156
Provider_000119,Manikya Sarma,"73/60, Khosla Path
Raebareli 733666",6654418203
Provider_000120,Navya Borra,"38, Madan Circle
Jalna-167299",681232552
Provider_000121,Emir Wable,"H.No. 49
Mangal Street, Kozhikode 771405",2255806045
